<shader id="default/unlit_transparent">
   <pass src="Data/Shaders/default_unlit.00.hlsl" defines="DEFINE=VALUE;JUST_DEFINED;ETC" > <!-- defines are an EXTRA -->
      <vert entry="VertexFunction" />
      <frag entry="FragmentFunction" />

      <!-- depth will use "always" and write="false" by default to maintain 2D functionality -->
      <!-- That is effectively saying depth is disabled -->
      <!-- for 3D, you want to set "write" to true and test to "lequal" -->
      <!-- test:  test: never, less, equal, lequal, greater, gequal, not, always -->
      <depth
         write="true"
         test="lequal" />


      <!-- I'm open to options here.  You can expose "op" and "factors", or support a "mode", or both.  But at least
           have some way to control blending for color -->

      <!-- Example Shown is using op/factors.  You may choose just an enum.  IE: <blend mode="transparent" /> -->
      <!-- op: add, sub, rev_sub, min, max -->
      <!-- src/dst: zero, one, src_color, inv_src_color, src_alpha, inv_src_alpha, 
                    dst_color, inv_dst_color, dst_alpha, inv_dst_alpha, constant -->
      <blend>
         <!-- setting this to "opaque".  We usually don't render alpha if we're writing depth -->
         <!-- is this a custom mode? If not we will just go with the default settings for this shader -->
         <mode customMode = "true"/>
         <color op="add" src="one" dst="zero" /> 
         <alpha op="add" src="inv_dst_alpha" dst="one" />  
         <!-- color mode="opaque" / -->
      </blend>

      <!-- OPTIONAL EXTRA :: RasterState -->
      <!-- cull: back, front, none -->
      <!-- frontface: ccw, cw -->
      <!-- fill: solid, wire -->
      <raster
         cull="back"       
         front="ccw"
         fill="solid" />
   </pass>
</shader>
